,Chr,Lead SNP,Position (hg19),Overall_OR,Overall_P,EUR_RAF,EUR_OR,EUR_P,JPT_RAF,JPT_OR,JPT_P,Medical_OR,Medical_P,Mixed_OR,Mixed_P,Self_OR,Self_P,RAF,Stage34_OR,Stage34_P,Stage12_OR,Stage12_P,Infertility_OR,Infertility_P,Distinct signals,RA,Gene/Cytoband,Known_Signal,Overall_Sig_Signal,Overall_OR_CI,Overall_BETA,EUR_OR_CI,EUR_BETA,JPT_OR_CI,JPT_BETA,Medical_OR_CI,Medical_BETA,Mixed_OR_CI,Mixed_BETA,Self_OR_CI,Self_BETA,Stage34_OR_CI,Stage34_BETA,Stage12_OR_CI,Stage12_BETA,Infertility_OR_CI,Infertility_BETA,Risk_Allele
WNT4/1p36.12,1,rs10917151,22422721.0,1.14,5.08x10-44,0.16,1.14,3.64x10-41,0.57,1.27,6.98x10-6,1.19,2.04x10-12,1.14,2.91x10-10,1.13,1.04x10-25,A (0.17; 0.57),1.23,4.96x10-11,1.16,2.70x10-5,1.21,2.30x10-7,1.0,,,True,True,(1.12-1.16),0.131028262406404,(1.12-1.16),0.131028262406404,(1.14-1.4),0.23901690047049992,(1.14-1.26),0.17395330712343798,(1.09-1.18),0.131028262406404,(1.1-1.15),0.12221763272424911,(1.16-1.31),0.2070141693843261,(1.08-1.24),0.1484200051182732,(1.13-1.31),0.19062035960864968,A
NGF/1p13.2,1,rs12030576,115817221.0,1.06,3.34x10-13,0.65,1.06,1.91x10-13,0.41,0.99,0.81,1.03,0.14,1.04,8.09x10-3,1.07,5.45x10-13,G (0.65; 0.41),1.03,0.33,1.09,0.007,1.04,0.2,1.0,,,False,True,(1.04-1.07),0.058268908123975824,(1.04-1.07),0.058268908123975824,(0.89-1.09),-0.01005033585350145,(0.99-1.08),0.02955880224154443,(1.01-1.08),0.03922071315328133,(1.05-1.09),0.06765864847381486,(0.97-1.08),0.02955880224154443,(1.02-1.15),0.08617769624105241,(0.98-1.11),0.03922071315328133,G
SLC19A2/1q24.2,1,rs2040445,169216412.0,1.17,1.40x10-10,0.97,1.17,1.96x10-10,,,,1.21,6.77x10-3,1.15,4.98x10-3,1.17,5.31x10-8,G (0.97; N/A),1.53,3.93x10-6,1.02,0.83,1.29,0.008,1.0,,,False,True,(1.12-1.23),0.15700374880966467,(1.11-1.23),0.15700374880966467,,,(1.05-1.4),0.19062035960864968,(1.04-1.28),0.1397619423751586,(1.1-1.24),0.15700374880966467,(1.28-1.83),0.42526773540434415,(0.84-1.24),0.01980262729617973,(1.07-1.55),0.2546422183735808,G
DNM3/1q24.3,1,rs2421985,172099136.0,1.05,6.73x10-14,0.49,1.05,1.72x10-12,0.77,1.28,5.48x10-5,1.07,2.98x10-4,1.06,2.55x10-4,1.05,4.65x10-8,C (0.49; 0.77),1.09,0.000448,1.02,0.52,1.01,0.7,1.0,,,False,True,(1.04-1.07),0.04879016416943205,(1.04-1.07),0.04879016416943205,(1.14-1.44),0.2468600779315258,(1.03-1.12),0.06765864847381486,(1.03-1.09),0.058268908123975824,(1.03-1.06),0.04879016416943205,(1.04-1.14),0.08617769624105241,(0.97-1.07),0.01980262729617973,(0.96-1.07),0.009950330853168092,C
GREB1/2p25.1,2,rs11674184,11721535.0,1.08,3.16x10-26,0.61,1.08,5.91x10-24,0.54,1.25,1.98x10-5,1.12,1.29x10-8,1.09,1.13x10-8,1.07,3.52x10-13,T (0.61; 0.54),1.16,5.66x10-9,1.07,0.011,1.05,0.1,2.0,,,True,True,(1.07-1.1),0.0769610411361284,(1.06-1.09),0.0769610411361284,(1.13-1.39),0.22314355131420976,(1.08-1.17),0.11332868530700327,(1.06-1.13),0.08617769624105241,(1.05-1.08),0.06765864847381486,(1.10-1.22),0.1484200051182732,(1.02-1.14),0.06765864847381486,(0.99-1.12),0.04879016416943205,T
ETAA1/2p14,2,rs1430787,67868498.0,1.04,9.65x10-9,0.31,1.04,4.56x10-8,0.22,1.17,1.43x10-2,1.09,6.86x10-5,1.05,2.99x10-3,1.03,3.05x10-4,A (0.31; 0.22),1.1,0.000203,1.08,0.01,1.07,0.026Â ,1.0,,,True,True,(1.03-1.06),0.03922071315328133,(1.03-1.06),0.03922071315328133,(1.03-1.32),0.15700374880966467,(1.04-1.13),0.08617769624105241,(1.02-1.08),0.04879016416943205,(1.01-1.05),0.02955880224154443,(1.05-1.16),0.09531017980432495,(1.02-1.14),0.0769610411361284,(1.01-1.14),0.06765864847381486,A
BMPR2/2q33.1,2,rs6435157,203441224.0,1.05,4.97x10-8,0.77,1.05,1.12x10-7,0.97,1.42,3.48x10-2,1.08,4.54x10-4,1.07,1.00x10-4,1.03,1.93x10-3,T (0.77; 0.97),1.13,4.63x10-5,1.08,0.021,1.14,8.36x10-5,1.0,,,False,True,(1.03-1.06),0.04879016416943205,(1.03-1.06),0.04879016416943205,(1.03-1.97),0.3506568716131693,(1.04-1.13),0.0769610411361284,(1.04-1.11),0.06765864847381486,(1.01-1.05),0.02955880224154443,(1.06-1.19),0.12221763272424911,(1.01-1.15),0.0769610411361284,(1.07-1.22),0.131028262406404,T
BSN/3p21.31,3,rs1352889,49652148.0,1.05,2.79x10-8,0.17,1.05,2.79x10-8,,,,1.07,9.18x10-3,1.03,9.14x10-2,1.05,7.30x10-7,T (0.17; N/A),1.02,0.64,1.05,0.17,1.05,0.15,1.0,,,False,True,(1.03-1.07),0.04879016416943205,(1.03-1.07),0.04879016416943205,,,(1.02-1.12),0.06765864847381486,(0.99-1.08),0.02955880224154443,(1.03-1.08),0.04879016416943205,(0.95-1.08),0.01980262729617973,(0.98-1.13),0.04879016416943205,(0.98-1.13),0.04879016416943205,T
KDR/4q12,4,rs1903068,56008477.0,1.08,1.55x10-24,0.68,1.08,1.78x10-24,0.88,1.09,0.26,1.14,4.95x10-10,1.07,3.93x10-5,1.07,1.24x10-15,A (0.68; 0.88),1.22,4.62x10-14,1.09,0.004,1.11,0.000487,1.0,,,True,True,(1.06-1.1),0.0769610411361284,(1.06-1.1),0.0769610411361284,(0.94-1.27),0.08617769624105241,(1.09-1.19),0.131028262406404,(1.04-1.1),0.06765864847381486,(1.06-1.09),0.06765864847381486,(1.16-1.29),0.19885085874516514,(1.03-1.15),0.08617769624105241,(1.05-1.18),0.10436001532424286,A
PDLIM5/4q22.3,4,rs2510770,95479372.0,1.04,7.64x10-9,0.32,1.04,3.66x10-8,0.49,1.13,1.78x10-2,1.05,1.22x10-2,1.06,6.89x10-4,1.04,4.77x10-5,A (0.32; 0.49),1.05,0.051,1.04,0.14,1.07,0.018,1.0,,,False,True,(1.03-1.06),0.03922071315328133,(1.03-1.06),0.03922071315328133,(1.02-1.25),0.12221763272424911,(1.01-1.1),0.04879016416943205,(1.02-1.09),0.058268908123975824,(1.02-1.06),0.03922071315328133,(1.00-1.11),0.04879016416943205,(0.99-1.10),0.03922071315328133,(1.01-1.14),0.06765864847381486,A
EBF1/5q33.3,5,rs2946160,157891878.0,1.05,1.99x10-8,0.74,1.04,1.47x10-7,0.69,1.15,1.16x10-2,1.06,9.06x10-3,1.06,7.66x10-4,1.04,1.64x10-4,A (0.74; 0.69),1.09,0.0014,1.01,0.77,1.11,0.002,1.0,,,False,True,(1.03-1.06),0.04879016416943205,(1.03-1.06),0.03922071315328133,(1.03-1.29),0.1397619423751586,(1.01-1.11),0.058268908123975824,(1.02-1.09),0.058268908123975824,(1.02-1.06),0.03922071315328133,(1.04-1.16),0.08617769624105241,(0.95-1.07),0.009950330853168092,(1.04-1.18),0.10436001532424286,A
ID4/6p22.3,6,rs6456259,19761718.0,1.08,4.23x10-17,0.16,1.08,5.05x10-17,0.01,2.1,0.11,1.19,6.58x10-11,1.06,6.60x10-3,1.07,1.90x10-10,G (0.16; N/A),1.22,4.13x10-9,1.13,0.001,1.16,9.72x10-5,1.0,,,True,True,(1.06-1.1),0.0769610411361284,(1.06-1.1),0.0769610411361284,(0.84-5.27),0.7419373447293773,(1.13-1.26),0.17395330712343798,(1.02-1.1),0.058268908123975824,(1.05-1.1),0.06765864847381486,(1.14-1.30),0.19885085874516514,(1.05-1.22),0.12221763272424911,(1.08-1.26),0.1484200051182732,G
CD109/6q13,6,rs4540228,74613060.0,1.05,1.66x10-11,0.67,1.05,8.77x10-11,0.58,1.12,2.81x10-2,1.09,7.14x10-5,1.04,1.73x10-2,1.05,1.74x10-7,C (0.66; 0.58),1.08,0.0029,1.06,0.053,1.01,0.63,1.0,,,False,True,(1.04-1.07),0.04879016416943205,(1.04-1.07),0.04879016416943205,(1.01-1.24),0.11332868530700327,(1.04-1.13),0.08617769624105241,(1.01-1.07),0.03922071315328133,(1.03-1.07),0.04879016416943205,(1.03-1.14),0.0769610411361284,(1.00-1.12),0.058268908123975824,(0.96-1.07),0.009950330853168092,C
HEY2/6q22.31,6,rs2226158,125995467.0,1.05,3.35x10-10,0.46,1.04,5.00x10-9,0.27,1.26,8.05x10-5,1.04,3.69x10-2,1.03,5.40x10-2,1.05,3.32x10-8,G (0.46; 0.27),1.06,0.015,1.04,0.11,1.06,0.027,1.0,,,False,True,(1.03-1.06),0.04879016416943205,(1.03-1.06),0.03922071315328133,(1.12-1.41),0.23111172096338664,(1.0-1.08),0.03922071315328133,(1.0-1.06),0.02955880224154443,(1.03-1.06),0.04879016416943205,(1.01-1.11),0.058268908123975824,(0.99-1.10),0.03922071315328133,(1.01-1.13),0.058268908123975824,G
SYNE1/6q25.1,6,rs71575922,152554014.0,1.12,1.21x10-31,0.15,1.12,4.86x10-31,,,,1.19,3.45x10-11,1.16,3.07x10-13,1.1,1.43x10-15,G (0.15; N/A),1.3,9.17x10-16,1.15,0.000193,1.16,0.000117,5.0,,,True,True,(1.1-1.14),0.11332868530700327,(1.1-1.14),0.11332868530700327,,,(1.13-1.25),0.17395330712343798,(1.12-1.21),0.1484200051182732,(1.07-1.12),0.09531017980432495,(1.22-1.38),0.26236426446749106,(1.07-1.22),0.1397619423751586,(1.08-1.25),0.1484200051182732,G
FAM120B/6q27,6,rs11756073,170363580.0,1.06,3.13x10-9,0.17,1.06,9.21x10-9,0.26,1.11,7.46x10-2,1.1,1.76x10-4,1.05,1.81x10-2,1.05,9.37x10-6,A (0.17; 0.26),1.08,0.02,1.04,0.28,1.01,0.82,1.0,,,False,True,(1.04-1.08),0.058268908123975824,(1.04-1.08),0.058268908123975824,(0.99-1.24),0.10436001532424286,(1.05-1.16),0.09531017980432495,(1.01-1.09),0.04879016416943205,(1.03-1.07),0.04879016416943205,(1.01-1.15),0.0769610411361284,(0.97-1.12),0.03922071315328133,(0.94-1.09),0.009950330853168092,A
7p15.2/7p15.2,7,rs1451383,25891809.0,1.06,8.66x10-12,0.75,1.06,9.06x10-11,0.2,1.17,1.22x10-2,1.15,2.18x10-11,1.04,2.21x10-2,1.04,4.87x10-5,G (0.74; 0.20),1.19,1.41x10-9,1.05,0.1,1.11,0.001,1.0,,,True,True,(1.04-1.07),0.058268908123975824,(1.04-1.07),0.058268908123975824,(1.04-1.33),0.15700374880966467,(1.11-1.2),0.1397619423751586,(1.01-1.08),0.03922071315328133,(1.02-1.06),0.03922071315328133,(1.12-1.26),0.17395330712343798,(0.99-1.12),0.04879016416943205,(1.04-1.19),0.10436001532424286,G
HOXA10/7p15.2,7,rs6970537,27217359.0,1.05,6.98x10-11,0.57,1.05,1.53x10-10,0.75,1.06,0.32,1.06,1.44x10-3,1.04,9.29x10-3,1.05,6.49x10-8,G (0.57; 0.75),1.1,0.000139,1.06,0.03,1.02,0.49,1.0,,,False,True,(1.03-1.06),0.04879016416943205,(1.03-1.06),0.04879016416943205,(0.94-1.19),0.058268908123975824,(1.02-1.1),0.058268908123975824,(1.01-1.07),0.03922071315328133,(1.03-1.06),0.04879016416943205,(1.05-1.15),0.09531017980432495,(1.01-1.12),0.058268908123975824,(0.96-1.08),0.01980262729617973,G
7p12.3/7p12.3,7,rs55909142,46673774.0,1.04,8.92x10-9,0.59,1.04,2.41x10-7,0.5,1.29,1.16x10-6,1.08,1.47x10-5,1.06,1.54x10-4,1.02,1.16x10-2,C (0.59; 0.50),1.14,1.07x10-7,1.05,0.076,1.13,3.62x10-5,1.0,,,True,True,(1.03-1.06),0.03922071315328133,(1.02-1.05),0.03922071315328133,(1.16-1.43),0.2546422183735808,(1.05-1.12),0.0769610411361284,(1.03-1.09),0.058268908123975824,(1.0-1.04),0.01980262729617973,(1.09-1.20),0.131028262406404,(0.99-1.11),0.04879016416943205,(1.06-1.19),0.12221763272424911,C
KCTD9/8p21.2,8,rs17053711,25311269.0,1.05,9.61x10-9,0.74,1.04,8.06x10-8,0.54,1.15,1.06x10-2,1.05,2.06x10-2,1.05,2.01x10-3,1.04,3.39x10-5,G (0.73; 0.54),1.05,0.066,1.06,0.058,1.1,0.003,1.0,,,False,True,(1.03-1.06),0.04879016416943205,(1.03-1.06),0.03922071315328133,(1.03-1.27),0.1397619423751586,(1.01-1.1),0.04879016416943205,(1.02-1.09),0.04879016416943205,(1.02-1.06),0.03922071315328133,(1.00-1.11),0.04879016416943205,(1.00-1.13),0.058268908123975824,(1.03-1.17),0.09531017980432495,G
GDAP1/8q21.11,8,rs10090060,75257608.0,1.06,6.61x10-15,0.57,1.06,3.22x10-14,0.68,1.11,6.09x10-2,1.09,8.50x10-6,1.08,3.20x10-7,1.04,7.77x10-7,A (0.57; 0.68),1.08,0.003,1.08,0.005,1.1,0.000591,1.0,,,False,True,(1.04-1.07),0.058268908123975824,(1.04-1.07),0.058268908123975824,(1.0-1.23),0.10436001532424286,(1.05-1.14),0.08617769624105241,(1.05-1.11),0.0769610411361284,(1.03-1.06),0.03922071315328133,(1.03-1.13),0.0769610411361284,(1.02-1.14),0.0769610411361284,(1.04-1.17),0.09531017980432495,A
VPS13B/8q22.2,8,rs12549438,100150371.0,1.05,8.36x10-10,0.21,1.05,2.43x10-9,0.39,1.07,0.19,1.05,3.14x10-2,1.05,8.20x10-3,1.05,1.46x10-7,T (0.21; 0.39),1.06,0.068,1.03,0.48,1.08,0.021,1.0,,,False,True,(1.04-1.07),0.04879016416943205,(1.04-1.07),0.04879016416943205,(0.97-1.18),0.06765864847381486,(1.0-1.11),0.04879016416943205,(1.01-1.1),0.04879016416943205,(1.03-1.08),0.04879016416943205,(1.00-1.12),0.058268908123975824,(0.96-1.10),0.02955880224154443,(1.01-1.16),0.0769610411361284,T
CDKN2B-AS1/9p21.3,9,rs10122243,22158924.0,1.06,1.49x10-17,0.41,1.06,2.30x10-16,0.39,1.16,5.04x10-3,1.09,1.02x10-5,1.08,7.27x10-7,1.05,8.05x10-9,T (0.41; 0.39),1.2,1.41x10-13,1.05,0.1,1.16,1.91x10-7,2.0,,,True,True,(1.05-1.08),0.058268908123975824,(1.05-1.08),0.058268908123975824,(1.05-1.28),0.1484200051182732,(1.05-1.14),0.08617769624105241,(1.05-1.11),0.0769610411361284,(1.03-1.07),0.04879016416943205,(1.14-1.26),0.1823215567939546,(0.99-1.11),0.04879016416943205,(1.10-1.23),0.1484200051182732,T
ASTN2/9q33.1,9,rs10983311,119470373.0,1.05,2.20x10-8,0.78,1.05,1.22x10-7,0.61,1.11,3.90x10-2,1.08,1.25x10-3,1.04,1.86x10-2,1.04,4.50x10-5,T (0.77; 0.61),1.1,0.002,1.07,0.029,1.05,0.12,1.0,,,False,True,(1.03-1.07),0.04879016416943205,(1.03-1.06),0.04879016416943205,(1.01-1.23),0.10436001532424286,(1.03-1.13),0.0769610411361284,(1.01-1.08),0.03922071315328133,(1.02-1.06),0.03922071315328133,(1.04-1.17),0.09531017980432495,(1.01-1.15),0.06765864847381486,(0.99-1.13),0.04879016416943205,T
ABO/9q34.2,9,rs507666,136149399.0,1.05,1.04x10-8,0.19,1.05,5.73x10-8,0.28,1.13,3.80x10-2,1.08,2.53x10-3,1.03,0.13,1.05,1.78x10-6,A (0.20; 0.27),1.08,0.014,1.11,0.003,1.07,0.055,1.0,,,False,True,(1.03-1.07),0.04879016416943205,(1.03-1.07),0.04879016416943205,(1.01-1.26),0.12221763272424911,(1.03-1.14),0.0769610411361284,(0.99-1.07),0.02955880224154443,(1.03-1.07),0.04879016416943205,(1.02-1.15),0.0769610411361284,(1.04-1.19),0.10436001532424286,(1.00-1.14),0.06765864847381486,A
MLLT10/10p12.31,10,rs10828249,21824727.0,1.05,3.74x10-12,0.35,1.05,4.52x10-12,0.02,1.2,0.32,1.05,1.09x10-2,1.08,5.37x10-7,1.04,8.15x10-7,A (0.35; N/A),1.08,0.005,1.07,0.011,1.08,0.012,1.0,,,False,True,(1.04-1.07),0.04879016416943205,(1.04-1.07),0.04879016416943205,(0.84-1.73),0.1823215567939546,(1.01-1.1),0.04879016416943205,(1.05-1.12),0.0769610411361284,(1.03-1.06),0.03922071315328133,(1.02-1.13),0.0769610411361284,(1.02-1.14),0.06765864847381486,(1.02-1.14),0.0769610411361284,A
RNLS/10q23.31,10,rs7907732,90182764.0,1.05,2.19x10-10,0.38,1.05,5.00x10-10,0.51,1.06,0.26,1.04,3.31x10-2,1.09,1.57x10-8,1.03,8.51x10-5,T (0.39; 0.51),1.09,0.000839,1.04,0.15,1.09,0.003,1.0,,,False,True,(1.03-1.06),0.04879016416943205,(1.03-1.06),0.04879016416943205,(0.96-1.17),0.058268908123975824,(1.0-1.08),0.03922071315328133,(1.06-1.12),0.08617769624105241,(1.02-1.05),0.02955880224154443,(1.03-1.14),0.08617769624105241,(0.99-1.10),0.03922071315328133,(1.03-1.15),0.08617769624105241,T
FSHB/11p14.1,11,rs3858429,30343757.0,1.12,2.23x10-30,0.84,1.12,1.04x10-29,0.98,1.2,0.3,1.18,7.56x10-10,1.15,5.25x10-12,1.1,7.61x10-16,C (0.84; 0.98),1.23,1.14x10-9,1.12,0.002,1.18,2.09x10-5,1.0,,,True,True,(1.1-1.14),0.11332868530700327,(1.1-1.14),0.11332868530700327,(0.85-1.71),0.1823215567939546,(1.12-1.25),0.16551443847757333,(1.11-1.2),0.1397619423751586,(1.07-1.12),0.09531017980432495,(1.15-1.32),0.2070141693843261,(1.04-1.21),0.11332868530700327,(1.09-1.28),0.16551443847757333,C
WT1/11p14.1,11,rs7924571,32350027.0,1.05,6.00x10-10,0.77,1.05,3.48x10-9,0.23,1.13,4.92x10-2,1.05,3.23x10-2,1.05,3.96x10-3,1.05,3.58x10-7,C (0.76; 0.23),1.07,0.029,1.05,0.17,1.08,0.003,1.0,,,False,True,(1.04-1.07),0.04879016416943205,(1.03-1.07),0.04879016416943205,(1.0-1.27),0.12221763272424911,(1.0-1.1),0.04879016416943205,(1.02-1.09),0.04879016416943205,(1.03-1.07),0.04879016416943205,(1.01-1.13),0.06765864847381486,(0.98-1.11),0.04879016416943205,(1.01-1.15),0.0769610411361284,C
PTPRO/12p12.3,12,rs56090796,15406228.0,1.05,3.46x10-9,0.33,1.05,6.24x10-10,0.18,0.88,5.32x10-2,1.08,1.24x10-4,1.05,8.52x10-3,1.04,3.01x10-6,A (0.33; 0.18),1.06,0.029,1.13,1.92x10-5,1.1,0.002,1.0,,,False,True,(1.03-1.06),0.04879016416943205,(1.03-1.06),0.04879016416943205,(0.77-1.0),-0.12783337150988489,(1.04-1.13),0.0769610411361284,(1.01-1.08),0.04879016416943205,(1.02-1.06),0.03922071315328133,(1.01-1.11),0.058268908123975824,(1.07-1.20),0.12221763272424911,(1.04-1.16),0.09531017980432495,A
HOXC10/12p13.13,12,rs3803042,54387947.0,1.04,6.97x10-9,0.42,1.04,5.43x10-9,0.55,1.03,0.63,1.07,2.52x10-4,1.04,6.20x10-3,1.04,1.39x10-5,A (0.42; 0.55),1.07,0.005,1.04,0.12,1.06,0.047,1.0,,,False,True,(1.03-1.06),0.03922071315328133,(1.03-1.06),0.03922071315328133,(0.92-1.14),0.02955880224154443,(1.03-1.12),0.06765864847381486,(1.01-1.07),0.03922071315328133,(1.02-1.05),0.03922071315328133,(1.02-1.12),0.06765864847381486,(0.99-1.10),0.03922071315328133,(1.00-1.12),0.058268908123975824,A
VEZT/12q22,12,rs12320196,95645385.0,1.05,6.74x10-14,0.47,1.05,5.69x10-12,0.49,1.23,3.49x10-5,1.08,3.65x10-5,1.05,6.74x10-4,1.04,3.05x10-7,G (0.47; 0.49),1.14,6.62x10-8,1.05,0.047,1.1,0.000423,1.0,,,True,True,(1.04-1.07),0.04879016416943205,(1.04-1.06),0.04879016416943205,(1.12-1.36),0.2070141693843261,(1.04-1.13),0.0769610411361284,(1.02-1.08),0.04879016416943205,(1.03-1.06),0.03922071315328133,(1.09-1.20),0.131028262406404,(1.00-1.11),0.04879016416943205,(1.04-1.17),0.09531017980432495,G
IGF1/12q23.2,12,rs10860864,102822862.0,1.06,3.69x10-10,0.82,1.06,1.73x10-9,0.8,1.11,9.04x10-2,1.09,1.32x10-3,1.08,2.29x10-5,1.04,9.33x10-5,C (0.82; 0.80),1.17,1.20x10-6,1.03,0.39,1.01,0.69,2.0,,,False,True,(1.04-1.08),0.058268908123975824,(1.04-1.08),0.058268908123975824,(0.98-1.26),0.10436001532424286,(1.03-1.14),0.08617769624105241,(1.04-1.13),0.0769610411361284,(1.02-1.07),0.03922071315328133,(1.10-1.25),0.15700374880966467,(0.96-1.10),0.02955880224154443,(0.95-1.09),0.009950330853168092,C
DLEU1/13q14.2,13,rs7334326,50967732.0,1.06,1.29x10-8,0.14,1.06,1.54x10-8,0.77,1.01,0.89,1.06,3.48x10-2,1.08,1.58x10-4,1.05,2.12x10-5,C (0.16; 0.77),1.12,0.000896,1.03,0.44,1.09,0.027,1.0,,,False,True,(1.04-1.08),0.058268908123975824,(1.04-1.08),0.058268908123975824,(0.9-1.13),0.009950330853168092,(1.0-1.12),0.058268908123975824,(1.04-1.13),0.0769610411361284,(1.03-1.08),0.04879016416943205,(1.05-1.20),0.11332868530700327,(0.96-1.11),0.02955880224154443,(1.01-1.18),0.08617769624105241,C
RIN3/14q32.12,14,rs57281976,93112974.0,1.05,3.53x10-9,0.77,1.05,9.24x10-9,0.81,1.06,0.38,1.06,1.20x10-2,1.06,7.34x10-4,1.05,9.42x10-6,G (0.77; 0.81),1.07,0.028,1.03,0.37,1.07,0.045,1.0,,,False,True,(1.03-1.07),0.04879016416943205,(1.03-1.07),0.04879016416943205,(0.93-1.21),0.058268908123975824,(1.01-1.11),0.058268908123975824,(1.03-1.1),0.058268908123975824,(1.03-1.07),0.04879016416943205,(1.01-1.13),0.06765864847381486,(0.97-1.10),0.02955880224154443,(1.00-1.14),0.06765864847381486,G
SRP14-AS1/15q15.1,15,rs12441483,40353416.0,1.05,1.58x10-13,0.47,1.05,2.02x10-13,0.78,1.02,0.78,1.1,2.09x10-6,1.05,1.01x10-3,1.05,3.32x10-8,C (0.47; 0.78),1.09,0.000226,1.02,0.54,1.07,0.017,1.0,,,False,True,(1.04-1.07),0.04879016416943205,(1.04-1.07),0.04879016416943205,(0.9-1.15),0.01980262729617973,(1.06-1.14),0.09531017980432495,(1.02-1.08),0.04879016416943205,(1.03-1.06),0.04879016416943205,(1.04-1.15),0.08617769624105241,(0.96-1.07),0.01980262729617973,(1.01-1.14),0.06765864847381486,C
SKAP1/17q21.32,17,rs66683298,46277748.0,1.05,7.18x10-10,0.6,1.05,6.05x10-10,0.78,1.03,0.64,1.07,7.04x10-4,1.07,2.64x10-5,1.04,3.28x10-5,C (0.60; 0.78),1.1,0.00002,1.09,0.003,1.05,0.069,1.0,,,False,True,(1.03-1.06),0.04879016416943205,(1.03-1.06),0.04879016416943205,(0.91-1.16),0.02955880224154443,(1.03-1.11),0.06765864847381486,(1.04-1.11),0.06765864847381486,(1.02-1.05),0.03922071315328133,(1.05-1.16),0.09531017980432495,(1.03-1.15),0.08617769624105241,(1.00-1.12),0.04879016416943205,C
CEP112/17q24.1,17,rs7214750,63903119.0,1.09,9.80x10-10,0.93,1.09,1.97x10-9,0.94,1.13,0.32,1.17,6.67x10-5,1.1,1.27x10-3,1.07,3.17x10-5,C (0.93; 0.94),1.17,0.0015,1.18,0.003,1.15,0.021,1.0,,,False,True,(1.06-1.12),0.08617769624105241,(1.06-1.12),0.08617769624105241,(0.89-1.42),0.12221763272424911,(1.09-1.27),0.15700374880966467,(1.04-1.17),0.09531017980432495,(1.04-1.11),0.06765864847381486,(1.06-1.29),0.15700374880966467,(1.06-1.32),0.16551443847757333,(1.02-1.29),0.1397619423751586,C
ACTL9/19p13.2,19,rs2967684,8786624.0,1.06,1.29x10-8,0.16,1.06,2.12x10-8,0.17,1.03,0.67,1.1,4.36x10-4,1.06,7.44x10-3,1.05,2.53x10-5,A (0.16; N/A),1.14,9.45x10-5,1.05,0.2,1.12,0.003,1.0,,,False,True,(1.04-1.08),0.058268908123975824,(1.04-1.08),0.058268908123975824,(0.89-1.19),0.02955880224154443,(1.04-1.16),0.09531017980432495,(1.01-1.1),0.058268908123975824,(1.03-1.07),0.04879016416943205,(1.07-1.21),0.131028262406404,(0.98-1.13),0.04879016416943205,(1.04-1.21),0.11332868530700327,A
TEX11/Xq13.1,X,rs13441059,70108889.0,1.05,1.58x10-11,0.36,1.05,1.58x10-11,,,,1.09,1.46x10-4,1.05,4.31x10-3,1.05,1.59x10-7,A,1.05,0.04,1.09,0.004,1.04,0.2,1.0,,,False,True,(1.04-1.07),0.04879016416943205,(1.04-1.07),0.04879016416943205,,,(1.04-1.14),0.08617769624105241,(1.01-1.08),0.04879016416943205,(1.03-1.07),0.04879016416943205,(1.00-1.11),0.04879016416943205,(1.03-1.16),0.08617769624105241,(0.98-1.10),0.03922071315328133,A
FRMD7/Xq26.2,X,rs5933091,131278107.0,1.05,1.05x10-9,0.69,1.05,1.14x10-9,0.96,3.65,0.34,1.14,1.16x10-8,1.03,8.83x10-2,1.04,3.04x10-5,T,1.13,8.71x10-6,1.1,0.003,1.1,0.002,1.0,,,False,True,(1.03-1.07),0.04879016416943205,(1.03-1.07),0.04879016416943205,(1.99-6.68),1.2947271675944,(1.09-1.19),0.131028262406404,(1.0-1.06),0.02955880224154443,(1.02-1.06),0.03922071315328133,(1.07-1.20),0.12221763272424911,(1.03-1.17),0.09531017980432495,(1.03-1.16),0.09531017980432495,T
LINC00629/Xq26.3,X,rs73241342,133691738.0,1.14,1.39x10-10,0.04,1.14,1.39x10-10,,,,1.3,3.13x10-5,1.21,8.29x10-6,1.1,9.37x10-5,A,1.32,0.000107,1.28,0.007,1.23,0.024,1.0,,,False,True,(1.1-1.19),0.131028262406404,(1.1-1.19),0.131028262406404,,,(1.15-1.48),0.26236426446749106,(1.11-1.32),0.19062035960864968,(1.05-1.15),0.09531017980432495,(1.15-1.53),0.27763173659827955,(1.07-1.53),0.2468600779315258,(1.03-1.47),0.2070141693843261,A
IL1A/2p13,2,rs3783521,113543577.0,1.04,6.38x10-8,0.3,1.04,3.82x10-7,0.76,1.06,0.00378,1.08,1.38x10-4,1.07,1.10x10-5,1.02,0.017,A,1.12,1.37x10-5,1.04,0.17,,,,A,IL1A/2q13,True,False,(1.03-1.06),0.03922071315328133,(1.02-1.06),0.03922071315328133,(1.05-1.07),0.058268908123975824,(1.04-1.07),0.0769610411361284,(1.04-1.11),0.06765864847381486,(1.00-1.04),0.01980262729617973,(1.07-1.19),0.11332868530700327,(0.98-1.10),0.03922071315328133,,,A
FN1/2q35,2,rs1250242,216296257.0,1.03,3.25x10-4,0.27,1.03,4.55x10-4,0.06,1.04,0.75,1.09,3.77x10-5,1.05,0.00396,1.01,0.27,G,1.1,3.74x10-4,1.06,0.06,,,,G,FN1/2q35,True,False,(1.01-1.05),0.02955880224154443,(1.01-1.05),0.02955880224154443,(0.83-1.29),0.03922071315328133,(1.05-1.14),0.08617769624105241,(1.02-1.09),0.04879016416943205,(0.99-1.03),0.009950330853168092,(1.05-1.16),0.09531017980432495,(1.00-1.13),0.058268908123975824,,,G
